{
  "project_name": "PRO LOADER NO-ROOT FULL",
  "game_version": "4.2.0",
  "protection_data": [
    {
      "comment": "Mobile Server (S3) - تحويل السيرفر لمنع كشف المحاكي",
      "lib": "libUE4.so",
      "offset": "0x89C3A10",
      "hex": "00207047"
    },
    {
      "comment": "AnoSDKIoctl - إيقاف محرك التقارير الأساسي للحماية",
      "lib": "libanogs.so",
      "offset": "0xF0EF8",
      "hex": "00207047"
    },
    {
      "comment": "ptrace - منع كشف التصحيح والحقن (libc)",
      "lib": "libc.so",
      "offset": "0x3AAAD0",
      "hex": "00207047"
    },
    {
      "comment": "AnoSDKInit - تعطيل بداية تشغيل نظام الحماية",
      "lib": "libanogs.so",
      "offset": "0xED3B8",
      "hex": "1F2003D5"
    },
    {
      "comment": "__system_property_read - منع كشف البيئة الافتراضية",
      "lib": "libc.so",
      "offset": "0x3AB290",
      "hex": "00207047"
    },
    {
      "comment": "AnoSDKGetReportData - منع استخراج بيانات الحظر",
      "lib": "libanogs.so",
      "offset": "0xEF0FE",
      "hex": "00207047"
    },
    {
      "comment": "AnoSDKOnRecvData - تعطيل استقبال أوامر السيرفر",
      "lib": "libanogs.so",
      "offset": "0xF01F6",
      "hex": "00207047"
    },
    {
      "comment": "Hook Monitor - العنوان المراقب بكود الـ Hook (Hexor)",
      "lib": "libanogs.so",
      "offset": "0x4DF67C",
      "hex": "00207047"
    },
    {
      "comment": "socket - منع كشف اتصالات اللودر الخارجية",
      "lib": "libc.so",
      "offset": "0x3AA930",
      "hex": "00207047"
    },
    {
      "comment": "readlink - منع كشف مسارات الملفات المعدلة",
      "lib": "libc.so",
      "offset": "0x3AAC80",
      "hex": "00207047"
    }
  ]
}
